object_location,image_small,image_thumb
/objects/col002_oc_fedwomensclub.pdf,/objects/small/col002_oc_fedwomensclub_sm.jpg,/objects/thumbs/col002_oc_fedwomensclub_th.jpg
/objects/col002_ocattendance_1924-1947_part1.pdf,/objects/small/col002_ocattendance_1924-1947_part1_sm.jpg,/objects/thumbs/col002_ocattendance_1924-1947_part1_th.jpg
/objects/col002_ocattendance_1924-1947_part2.pdf,/objects/small/col002_ocattendance_1924-1947_part2_sm.jpg,/objects/thumbs/col002_ocattendance_1924-1947_part2_th.jpg
/objects/col002_ocattendance_1960-1965_part1.pdf,/objects/small/col002_ocattendance_1960-1965_part1_sm.jpg,/objects/thumbs/col002_ocattendance_1960-1965_part1_th.jpg
/objects/col002_ocattendance_1960-1965_part2.pdf,/objects/small/col002_ocattendance_1960-1965_part2_sm.jpg,/objects/thumbs/col002_ocattendance_1960-1965_part2_th.jpg
/objects/col002_ocattendance_1965-1968_part1.pdf,/objects/small/col002_ocattendance_1965-1968_part1_sm.jpg,/objects/thumbs/col002_ocattendance_1965-1968_part1_th.jpg
/objects/col002_ocattendance_1965-1968_part2.pdf,/objects/small/col002_ocattendance_1965-1968_part2_sm.jpg,/objects/thumbs/col002_ocattendance_1965-1968_part2_th.jpg
/objects/col002_occip_1961-1962.pdf,/objects/small/col002_occip_1961-1962_sm.jpg,/objects/thumbs/col002_occip_1961-1962_th.jpg
/objects/col002_occip_1970-1972.pdf,/objects/small/col002_occip_1970-1972_sm.jpg,/objects/thumbs/col002_occip_1970-1972_th.jpg
/objects/col002_ocemergencyloanbook_1962-1975_part1.pdf,/objects/small/col002_ocemergencyloanbook_1962-1975_part1_sm.jpg,/objects/thumbs/col002_ocemergencyloanbook_1962-1975_part1_th.jpg
/objects/col002_ocemergencyloanbook_1962-1975_part2.pdf,/objects/small/col002_ocemergencyloanbook_1962-1975_part2_sm.jpg,/objects/thumbs/col002_ocemergencyloanbook_1962-1975_part2_th.jpg
/objects/col002_ocfinancialbook_1994-1996.pdf,/objects/small/col002_ocfinancialbook_1994-1996_sm.jpg,/objects/thumbs/col002_ocfinancialbook_1994-1996_th.jpg
/objects/col002_ocguestbook_1956-1967_part1.pdf,/objects/small/col002_ocguestbook_1956-1967_part1_sm.jpg,/objects/thumbs/col002_ocguestbook_1956-1967_part1_th.jpg
/objects/col002_ocguestbook_1956-1967_part2.pdf,/objects/small/col002_ocguestbook_1956-1967_part2_sm.jpg,/objects/thumbs/col002_ocguestbook_1956-1967_part2_th.jpg
/objects/col002_ochistories_1924-1945.pdf,/objects/small/col002_ochistories_1924-1945_sm.jpg,/objects/thumbs/col002_ochistories_1924-1945_th.jpg
/objects/col002_ochistories_1946-1990.pdf,/objects/small/col002_ochistories_1946-1990_sm.jpg,/objects/thumbs/col002_ochistories_1946-1990_th.jpg
/objects/col002_oclibraryboard_1969.pdf,/objects/small/col002_oclibraryboard_1969_sm.jpg,/objects/thumbs/col002_oclibraryboard_1969_th.jpg
/objects/col002_oclibraryboard_1970.pdf,/objects/small/col002_oclibraryboard_1970_sm.jpg,/objects/thumbs/col002_oclibraryboard_1970_th.jpg
/objects/col002_oclibraryboard_1971.pdf,/objects/small/col002_oclibraryboard_1971_sm.jpg,/objects/thumbs/col002_oclibraryboard_1971_th.jpg
/objects/col002_oclibraryboard_1972.pdf,/objects/small/col002_oclibraryboard_1972_sm.jpg,/objects/thumbs/col002_oclibraryboard_1972_th.jpg
/objects/col002_ocminutes_1924.pdf,/objects/small/col002_ocminutes_1924_sm.jpg,/objects/thumbs/col002_ocminutes_1924_th.jpg
/objects/col002_ocminutes_1925.pdf,/objects/small/col002_ocminutes_1925_sm.jpg,/objects/thumbs/col002_ocminutes_1925_th.jpg
/objects/col002_ocminutes_1926.pdf,/objects/small/col002_ocminutes_1926_sm.jpg,/objects/thumbs/col002_ocminutes_1926_th.jpg
/objects/col002_ocminutes_1927.pdf,/objects/small/col002_ocminutes_1927_sm.jpg,/objects/thumbs/col002_ocminutes_1927_th.jpg
/objects/col002_ocminutes_1928.pdf,/objects/small/col002_ocminutes_1928_sm.jpg,/objects/thumbs/col002_ocminutes_1928_th.jpg
/objects/col002_ocminutes_1929.pdf,/objects/small/col002_ocminutes_1929_sm.jpg,/objects/thumbs/col002_ocminutes_1929_th.jpg
/objects/col002_ocminutes_1930.pdf,/objects/small/col002_ocminutes_1930_sm.jpg,/objects/thumbs/col002_ocminutes_1930_th.jpg
/objects/col002_ocminutes_1931.pdf,/objects/small/col002_ocminutes_1931_sm.jpg,/objects/thumbs/col002_ocminutes_1931_th.jpg
/objects/col002_ocminutes_1932.pdf,/objects/small/col002_ocminutes_1932_sm.jpg,/objects/thumbs/col002_ocminutes_1932_th.jpg
/objects/col002_ocminutes_1933.pdf,/objects/small/col002_ocminutes_1933_sm.jpg,/objects/thumbs/col002_ocminutes_1933_th.jpg
/objects/col002_ocminutes_1934.pdf,/objects/small/col002_ocminutes_1934_sm.jpg,/objects/thumbs/col002_ocminutes_1934_th.jpg
/objects/col002_ocminutes_1935.pdf,/objects/small/col002_ocminutes_1935_sm.jpg,/objects/thumbs/col002_ocminutes_1935_th.jpg
/objects/col002_ocminutes_1936.pdf,/objects/small/col002_ocminutes_1936_sm.jpg,/objects/thumbs/col002_ocminutes_1936_th.jpg
/objects/col002_ocminutes_1937.pdf,/objects/small/col002_ocminutes_1937_sm.jpg,/objects/thumbs/col002_ocminutes_1937_th.jpg
/objects/col002_ocminutes_1938.pdf,/objects/small/col002_ocminutes_1938_sm.jpg,/objects/thumbs/col002_ocminutes_1938_th.jpg
/objects/col002_ocminutes_1939.pdf,/objects/small/col002_ocminutes_1939_sm.jpg,/objects/thumbs/col002_ocminutes_1939_th.jpg
/objects/col002_ocminutes_1940.pdf,/objects/small/col002_ocminutes_1940_sm.jpg,/objects/thumbs/col002_ocminutes_1940_th.jpg
/objects/col002_ocminutes_1941.pdf,/objects/small/col002_ocminutes_1941_sm.jpg,/objects/thumbs/col002_ocminutes_1941_th.jpg
/objects/col002_ocminutes_1942.pdf,/objects/small/col002_ocminutes_1942_sm.jpg,/objects/thumbs/col002_ocminutes_1942_th.jpg
/objects/col002_ocminutes_1943.pdf,/objects/small/col002_ocminutes_1943_sm.jpg,/objects/thumbs/col002_ocminutes_1943_th.jpg
/objects/col002_ocminutes_1944.pdf,/objects/small/col002_ocminutes_1944_sm.jpg,/objects/thumbs/col002_ocminutes_1944_th.jpg
/objects/col002_ocminutes_1945.pdf,/objects/small/col002_ocminutes_1945_sm.jpg,/objects/thumbs/col002_ocminutes_1945_th.jpg
/objects/col002_ocminutes_1946.pdf,/objects/small/col002_ocminutes_1946_sm.jpg,/objects/thumbs/col002_ocminutes_1946_th.jpg
/objects/col002_ocminutes_1947.pdf,/objects/small/col002_ocminutes_1947_sm.jpg,/objects/thumbs/col002_ocminutes_1947_th.jpg
/objects/col002_ocminutes_1948.pdf,/objects/small/col002_ocminutes_1948_sm.jpg,/objects/thumbs/col002_ocminutes_1948_th.jpg
/objects/col002_ocminutes_1949.pdf,/objects/small/col002_ocminutes_1949_sm.jpg,/objects/thumbs/col002_ocminutes_1949_th.jpg
/objects/col002_ocminutes_1950.pdf,/objects/small/col002_ocminutes_1950_sm.jpg,/objects/thumbs/col002_ocminutes_1950_th.jpg
/objects/col002_ocminutes_1951.pdf,/objects/small/col002_ocminutes_1951_sm.jpg,/objects/thumbs/col002_ocminutes_1951_th.jpg
/objects/col002_ocminutes_1952.pdf,/objects/small/col002_ocminutes_1952_sm.jpg,/objects/thumbs/col002_ocminutes_1952_th.jpg
/objects/col002_ocminutes_1953.pdf,/objects/small/col002_ocminutes_1953_sm.jpg,/objects/thumbs/col002_ocminutes_1953_th.jpg
/objects/col002_ocminutes_1954.pdf,/objects/small/col002_ocminutes_1954_sm.jpg,/objects/thumbs/col002_ocminutes_1954_th.jpg
/objects/col002_ocminutes_1955.pdf,/objects/small/col002_ocminutes_1955_sm.jpg,/objects/thumbs/col002_ocminutes_1955_th.jpg
/objects/col002_ocminutes_1956.pdf,/objects/small/col002_ocminutes_1956_sm.jpg,/objects/thumbs/col002_ocminutes_1956_th.jpg
/objects/col002_ocminutes_1957.pdf,/objects/small/col002_ocminutes_1957_sm.jpg,/objects/thumbs/col002_ocminutes_1957_th.jpg
/objects/col002_ocminutes_1958.pdf,/objects/small/col002_ocminutes_1958_sm.jpg,/objects/thumbs/col002_ocminutes_1958_th.jpg
/objects/col002_ocminutes_1959.pdf,/objects/small/col002_ocminutes_1959_sm.jpg,/objects/thumbs/col002_ocminutes_1959_th.jpg
/objects/col002_ocminutes_1960.pdf,/objects/small/col002_ocminutes_1960_sm.jpg,/objects/thumbs/col002_ocminutes_1960_th.jpg
/objects/col002_ocminutes_1961.pdf,/objects/small/col002_ocminutes_1961_sm.jpg,/objects/thumbs/col002_ocminutes_1961_th.jpg
/objects/col002_ocminutes_1962.pdf,/objects/small/col002_ocminutes_1962_sm.jpg,/objects/thumbs/col002_ocminutes_1962_th.jpg
/objects/col002_ocminutes_1963.pdf,/objects/small/col002_ocminutes_1963_sm.jpg,/objects/thumbs/col002_ocminutes_1963_th.jpg
/objects/col002_ocminutes_1964.pdf,/objects/small/col002_ocminutes_1964_sm.jpg,/objects/thumbs/col002_ocminutes_1964_th.jpg
/objects/col002_ocminutes_1965.pdf,/objects/small/col002_ocminutes_1965_sm.jpg,/objects/thumbs/col002_ocminutes_1965_th.jpg
/objects/col002_ocminutes_1966.pdf,/objects/small/col002_ocminutes_1966_sm.jpg,/objects/thumbs/col002_ocminutes_1966_th.jpg
/objects/col002_ocminutes_1967.pdf,/objects/small/col002_ocminutes_1967_sm.jpg,/objects/thumbs/col002_ocminutes_1967_th.jpg
/objects/col002_ocminutes_1968.pdf,/objects/small/col002_ocminutes_1968_sm.jpg,/objects/thumbs/col002_ocminutes_1968_th.jpg
/objects/col002_ocminutes_1969.pdf,/objects/small/col002_ocminutes_1969_sm.jpg,/objects/thumbs/col002_ocminutes_1969_th.jpg
/objects/col002_ocminutes_1970.pdf,/objects/small/col002_ocminutes_1970_sm.jpg,/objects/thumbs/col002_ocminutes_1970_th.jpg
/objects/col002_ocminutes_1971.pdf,/objects/small/col002_ocminutes_1971_sm.jpg,/objects/thumbs/col002_ocminutes_1971_th.jpg
/objects/col002_ocminutes_1972.pdf,/objects/small/col002_ocminutes_1972_sm.jpg,/objects/thumbs/col002_ocminutes_1972_th.jpg
/objects/col002_ocminutes_1973.pdf,/objects/small/col002_ocminutes_1973_sm.jpg,/objects/thumbs/col002_ocminutes_1973_th.jpg
/objects/col002_ocminutes_1974.pdf,/objects/small/col002_ocminutes_1974_sm.jpg,/objects/thumbs/col002_ocminutes_1974_th.jpg
/objects/col002_ocminutes_1975.pdf,/objects/small/col002_ocminutes_1975_sm.jpg,/objects/thumbs/col002_ocminutes_1975_th.jpg
/objects/col002_ocminutes_1976.pdf,/objects/small/col002_ocminutes_1976_sm.jpg,/objects/thumbs/col002_ocminutes_1976_th.jpg
/objects/col002_ocminutes_1977.pdf,/objects/small/col002_ocminutes_1977_sm.jpg,/objects/thumbs/col002_ocminutes_1977_th.jpg
/objects/col002_ocminutes_1978.pdf,/objects/small/col002_ocminutes_1978_sm.jpg,/objects/thumbs/col002_ocminutes_1978_th.jpg
/objects/col002_ocminutes_1979.pdf,/objects/small/col002_ocminutes_1979_sm.jpg,/objects/thumbs/col002_ocminutes_1979_th.jpg
/objects/col002_ocminutes_1980.pdf,/objects/small/col002_ocminutes_1980_sm.jpg,/objects/thumbs/col002_ocminutes_1980_th.jpg
/objects/col002_ocminutes_1981.pdf,/objects/small/col002_ocminutes_1981_sm.jpg,/objects/thumbs/col002_ocminutes_1981_th.jpg
/objects/col002_ocminutes_1982.pdf,/objects/small/col002_ocminutes_1982_sm.jpg,/objects/thumbs/col002_ocminutes_1982_th.jpg
/objects/col002_ocminutes_1983.pdf,/objects/small/col002_ocminutes_1983_sm.jpg,/objects/thumbs/col002_ocminutes_1983_th.jpg
/objects/col002_ocminutes_1984.pdf,/objects/small/col002_ocminutes_1984_sm.jpg,/objects/thumbs/col002_ocminutes_1984_th.jpg
/objects/col002_ocminutes_1985.pdf,/objects/small/col002_ocminutes_1985_sm.jpg,/objects/thumbs/col002_ocminutes_1985_th.jpg
/objects/col002_ocminutes_1986.pdf,/objects/small/col002_ocminutes_1986_sm.jpg,/objects/thumbs/col002_ocminutes_1986_th.jpg
/objects/col002_ocminutes_1987.pdf,/objects/small/col002_ocminutes_1987_sm.jpg,/objects/thumbs/col002_ocminutes_1987_th.jpg
/objects/col002_ocminutes_1988.pdf,/objects/small/col002_ocminutes_1988_sm.jpg,/objects/thumbs/col002_ocminutes_1988_th.jpg
/objects/col002_ocminutes_1989.pdf,/objects/small/col002_ocminutes_1989_sm.jpg,/objects/thumbs/col002_ocminutes_1989_th.jpg
/objects/col002_ocminutes_1990.pdf,/objects/small/col002_ocminutes_1990_sm.jpg,/objects/thumbs/col002_ocminutes_1990_th.jpg
/objects/col002_ocminutes_1991.pdf,/objects/small/col002_ocminutes_1991_sm.jpg,/objects/thumbs/col002_ocminutes_1991_th.jpg
/objects/col002_ocminutes_1992.pdf,/objects/small/col002_ocminutes_1992_sm.jpg,/objects/thumbs/col002_ocminutes_1992_th.jpg
/objects/col002_ocminutes_1993.pdf,/objects/small/col002_ocminutes_1993_sm.jpg,/objects/thumbs/col002_ocminutes_1993_th.jpg
/objects/col002_ocminutes_1994.pdf,/objects/small/col002_ocminutes_1994_sm.jpg,/objects/thumbs/col002_ocminutes_1994_th.jpg
/objects/col002_ocminutes_1995.pdf,/objects/small/col002_ocminutes_1995_sm.jpg,/objects/thumbs/col002_ocminutes_1995_th.jpg
/objects/col002_ocminutes_1996.pdf,/objects/small/col002_ocminutes_1996_sm.jpg,/objects/thumbs/col002_ocminutes_1996_th.jpg
/objects/col002_ocmiscellaneousdocs.pdf,/objects/small/col002_ocmiscellaneousdocs_sm.jpg,/objects/thumbs/col002_ocmiscellaneousdocs_th.jpg
/objects/col002_ocphoto_001.jpg,/objects/small/col002_ocphoto_001_sm.jpg,/objects/thumbs/col002_ocphoto_001_th.jpg
/objects/col002_ocphoto_002.jpg,/objects/small/col002_ocphoto_002_sm.jpg,/objects/thumbs/col002_ocphoto_002_th.jpg
/objects/col002_ocphoto_003.jpg,/objects/small/col002_ocphoto_003_sm.jpg,/objects/thumbs/col002_ocphoto_003_th.jpg
/objects/col002_ocphoto_004.jpg,/objects/small/col002_ocphoto_004_sm.jpg,/objects/thumbs/col002_ocphoto_004_th.jpg
/objects/col002_ocphoto_005.jpg,/objects/small/col002_ocphoto_005_sm.jpg,/objects/thumbs/col002_ocphoto_005_th.jpg
/objects/col002_ocphoto_006.jpg,/objects/small/col002_ocphoto_006_sm.jpg,/objects/thumbs/col002_ocphoto_006_th.jpg
/objects/col002_ocphoto_007.jpg,/objects/small/col002_ocphoto_007_sm.jpg,/objects/thumbs/col002_ocphoto_007_th.jpg
/objects/col002_ocphoto_008.jpg,/objects/small/col002_ocphoto_008_sm.jpg,/objects/thumbs/col002_ocphoto_008_th.jpg
/objects/col002_ocphoto_009.jpg,/objects/small/col002_ocphoto_009_sm.jpg,/objects/thumbs/col002_ocphoto_009_th.jpg
/objects/col002_ocphoto_010.jpg,/objects/small/col002_ocphoto_010_sm.jpg,/objects/thumbs/col002_ocphoto_010_th.jpg
/objects/col002_ocphoto_011.jpg,/objects/small/col002_ocphoto_011_sm.jpg,/objects/thumbs/col002_ocphoto_011_th.jpg
/objects/col002_ocphoto_012.jpg,/objects/small/col002_ocphoto_012_sm.jpg,/objects/thumbs/col002_ocphoto_012_th.jpg
/objects/col002_ocphoto_013.jpg,/objects/small/col002_ocphoto_013_sm.jpg,/objects/thumbs/col002_ocphoto_013_th.jpg
/objects/col002_ocphoto_014.jpg,/objects/small/col002_ocphoto_014_sm.jpg,/objects/thumbs/col002_ocphoto_014_th.jpg
/objects/col002_ocphoto_015.jpg,/objects/small/col002_ocphoto_015_sm.jpg,/objects/thumbs/col002_ocphoto_015_th.jpg
/objects/col002_ocphoto_016.jpg,/objects/small/col002_ocphoto_016_sm.jpg,/objects/thumbs/col002_ocphoto_016_th.jpg
/objects/col002_ocphoto_017.jpg,/objects/small/col002_ocphoto_017_sm.jpg,/objects/thumbs/col002_ocphoto_017_th.jpg
/objects/col002_ocphoto_018.jpg,/objects/small/col002_ocphoto_018_sm.jpg,/objects/thumbs/col002_ocphoto_018_th.jpg
/objects/col002_ocphoto_019.jpg,/objects/small/col002_ocphoto_019_sm.jpg,/objects/thumbs/col002_ocphoto_019_th.jpg
/objects/col002_ocphoto_020.jpg,/objects/small/col002_ocphoto_020_sm.jpg,/objects/thumbs/col002_ocphoto_020_th.jpg
/objects/col002_ocphoto_021.jpg,/objects/small/col002_ocphoto_021_sm.jpg,/objects/thumbs/col002_ocphoto_021_th.jpg
/objects/col002_ocphoto_022.jpg,/objects/small/col002_ocphoto_022_sm.jpg,/objects/thumbs/col002_ocphoto_022_th.jpg
/objects/col002_ocphoto_023.jpg,/objects/small/col002_ocphoto_023_sm.jpg,/objects/thumbs/col002_ocphoto_023_th.jpg
/objects/col002_ocphoto_024.jpg,/objects/small/col002_ocphoto_024_sm.jpg,/objects/thumbs/col002_ocphoto_024_th.jpg
/objects/col002_ocphoto_025.jpg,/objects/small/col002_ocphoto_025_sm.jpg,/objects/thumbs/col002_ocphoto_025_th.jpg
/objects/col002_ocphoto_026.jpg,/objects/small/col002_ocphoto_026_sm.jpg,/objects/thumbs/col002_ocphoto_026_th.jpg
/objects/col002_ocphoto_027.jpg,/objects/small/col002_ocphoto_027_sm.jpg,/objects/thumbs/col002_ocphoto_027_th.jpg
/objects/col002_ocphoto_028.jpg,/objects/small/col002_ocphoto_028_sm.jpg,/objects/thumbs/col002_ocphoto_028_th.jpg
/objects/col002_ocphoto_029.jpg,/objects/small/col002_ocphoto_029_sm.jpg,/objects/thumbs/col002_ocphoto_029_th.jpg
/objects/col002_ocphoto_030.jpg,/objects/small/col002_ocphoto_030_sm.jpg,/objects/thumbs/col002_ocphoto_030_th.jpg
/objects/col002_ocphoto_031.jpg,/objects/small/col002_ocphoto_031_sm.jpg,/objects/thumbs/col002_ocphoto_031_th.jpg
/objects/col002_ocphoto_032.jpg,/objects/small/col002_ocphoto_032_sm.jpg,/objects/thumbs/col002_ocphoto_032_th.jpg
/objects/col002_ocphoto_033.jpg,/objects/small/col002_ocphoto_033_sm.jpg,/objects/thumbs/col002_ocphoto_033_th.jpg
/objects/col002_ocphoto_034.jpg,/objects/small/col002_ocphoto_034_sm.jpg,/objects/thumbs/col002_ocphoto_034_th.jpg
/objects/col002_ocphoto_035.jpg,/objects/small/col002_ocphoto_035_sm.jpg,/objects/thumbs/col002_ocphoto_035_th.jpg
/objects/col002_ocphoto_036.jpg,/objects/small/col002_ocphoto_036_sm.jpg,/objects/thumbs/col002_ocphoto_036_th.jpg
/objects/col002_ocphoto_037.jpg,/objects/small/col002_ocphoto_037_sm.jpg,/objects/thumbs/col002_ocphoto_037_th.jpg
/objects/col002_ocphoto_038.jpg,/objects/small/col002_ocphoto_038_sm.jpg,/objects/thumbs/col002_ocphoto_038_th.jpg
/objects/col002_ocphoto_039.jpg,/objects/small/col002_ocphoto_039_sm.jpg,/objects/thumbs/col002_ocphoto_039_th.jpg
/objects/col002_ocphoto_040.jpg,/objects/small/col002_ocphoto_040_sm.jpg,/objects/thumbs/col002_ocphoto_040_th.jpg
/objects/col002_ocphoto_041.jpg,/objects/small/col002_ocphoto_041_sm.jpg,/objects/thumbs/col002_ocphoto_041_th.jpg
/objects/col002_ocphoto_042.jpg,/objects/small/col002_ocphoto_042_sm.jpg,/objects/thumbs/col002_ocphoto_042_th.jpg
/objects/col002_ocphoto_043.jpg,/objects/small/col002_ocphoto_043_sm.jpg,/objects/thumbs/col002_ocphoto_043_th.jpg
/objects/col002_ocphoto_044.jpg,/objects/small/col002_ocphoto_044_sm.jpg,/objects/thumbs/col002_ocphoto_044_th.jpg
/objects/col002_ocphoto_045.jpg,/objects/small/col002_ocphoto_045_sm.jpg,/objects/thumbs/col002_ocphoto_045_th.jpg
/objects/col002_ocphoto_046.jpg,/objects/small/col002_ocphoto_046_sm.jpg,/objects/thumbs/col002_ocphoto_046_th.jpg
/objects/col002_ocphoto_047.jpg,/objects/small/col002_ocphoto_047_sm.jpg,/objects/thumbs/col002_ocphoto_047_th.jpg
/objects/col002_ocphoto_048.jpg,/objects/small/col002_ocphoto_048_sm.jpg,/objects/thumbs/col002_ocphoto_048_th.jpg
/objects/col002_ocphoto_049.jpg,/objects/small/col002_ocphoto_049_sm.jpg,/objects/thumbs/col002_ocphoto_049_th.jpg
/objects/col002_ocphoto_050.jpg,/objects/small/col002_ocphoto_050_sm.jpg,/objects/thumbs/col002_ocphoto_050_th.jpg
/objects/col002_ocphoto_051.jpg,/objects/small/col002_ocphoto_051_sm.jpg,/objects/thumbs/col002_ocphoto_051_th.jpg
/objects/col002_ocphoto_052.jpg,/objects/small/col002_ocphoto_052_sm.jpg,/objects/thumbs/col002_ocphoto_052_th.jpg
/objects/col002_ocphoto_053.jpg,/objects/small/col002_ocphoto_053_sm.jpg,/objects/thumbs/col002_ocphoto_053_th.jpg
/objects/col002_ocphoto_054.jpg,/objects/small/col002_ocphoto_054_sm.jpg,/objects/thumbs/col002_ocphoto_054_th.jpg
/objects/col002_ocphoto_055.jpg,/objects/small/col002_ocphoto_055_sm.jpg,/objects/thumbs/col002_ocphoto_055_th.jpg
/objects/col002_ocphoto_056.jpg,/objects/small/col002_ocphoto_056_sm.jpg,/objects/thumbs/col002_ocphoto_056_th.jpg
/objects/col002_ocphoto_057.jpg,/objects/small/col002_ocphoto_057_sm.jpg,/objects/thumbs/col002_ocphoto_057_th.jpg
/objects/col002_ocphoto_058.jpg,/objects/small/col002_ocphoto_058_sm.jpg,/objects/thumbs/col002_ocphoto_058_th.jpg
/objects/col002_ocphoto_059.jpg,/objects/small/col002_ocphoto_059_sm.jpg,/objects/thumbs/col002_ocphoto_059_th.jpg
/objects/col002_ocphoto_060.jpg,/objects/small/col002_ocphoto_060_sm.jpg,/objects/thumbs/col002_ocphoto_060_th.jpg
/objects/col002_ocphoto_061.jpg,/objects/small/col002_ocphoto_061_sm.jpg,/objects/thumbs/col002_ocphoto_061_th.jpg
/objects/col002_ocphoto_062.jpg,/objects/small/col002_ocphoto_062_sm.jpg,/objects/thumbs/col002_ocphoto_062_th.jpg
/objects/col002_ocphoto_063.jpg,/objects/small/col002_ocphoto_063_sm.jpg,/objects/thumbs/col002_ocphoto_063_th.jpg
/objects/col002_ocphoto_064.jpg,/objects/small/col002_ocphoto_064_sm.jpg,/objects/thumbs/col002_ocphoto_064_th.jpg
/objects/col002_ocphoto_065.jpg,/objects/small/col002_ocphoto_065_sm.jpg,/objects/thumbs/col002_ocphoto_065_th.jpg
/objects/col002_ocphoto_066.jpg,/objects/small/col002_ocphoto_066_sm.jpg,/objects/thumbs/col002_ocphoto_066_th.jpg
/objects/col002_ocphoto_067.jpg,/objects/small/col002_ocphoto_067_sm.jpg,/objects/thumbs/col002_ocphoto_067_th.jpg
/objects/col002_ocphoto_068.jpg,/objects/small/col002_ocphoto_068_sm.jpg,/objects/thumbs/col002_ocphoto_068_th.jpg
/objects/col002_ocphoto_069.jpg,/objects/small/col002_ocphoto_069_sm.jpg,/objects/thumbs/col002_ocphoto_069_th.jpg
/objects/col002_ocphoto_070.jpg,/objects/small/col002_ocphoto_070_sm.jpg,/objects/thumbs/col002_ocphoto_070_th.jpg
/objects/col002_ocphoto_071.jpg,/objects/small/col002_ocphoto_071_sm.jpg,/objects/thumbs/col002_ocphoto_071_th.jpg
/objects/col002_ocphoto_072.jpg,/objects/small/col002_ocphoto_072_sm.jpg,/objects/thumbs/col002_ocphoto_072_th.jpg
/objects/col002_ocphoto_073.jpg,/objects/small/col002_ocphoto_073_sm.jpg,/objects/thumbs/col002_ocphoto_073_th.jpg
/objects/col002_ocphoto_074.jpg,/objects/small/col002_ocphoto_074_sm.jpg,/objects/thumbs/col002_ocphoto_074_th.jpg
/objects/col002_ocphoto_075.jpg,/objects/small/col002_ocphoto_075_sm.jpg,/objects/thumbs/col002_ocphoto_075_th.jpg
/objects/col002_ocphoto_076.jpg,/objects/small/col002_ocphoto_076_sm.jpg,/objects/thumbs/col002_ocphoto_076_th.jpg
/objects/col002_ocphoto_077.jpg,/objects/small/col002_ocphoto_077_sm.jpg,/objects/thumbs/col002_ocphoto_077_th.jpg
/objects/col002_ocphoto_078.jpg,/objects/small/col002_ocphoto_078_sm.jpg,/objects/thumbs/col002_ocphoto_078_th.jpg
/objects/col002_ocphoto_079.jpg,/objects/small/col002_ocphoto_079_sm.jpg,/objects/thumbs/col002_ocphoto_079_th.jpg
/objects/col002_ocphoto_080.jpg,/objects/small/col002_ocphoto_080_sm.jpg,/objects/thumbs/col002_ocphoto_080_th.jpg
/objects/col002_ocphoto_081.jpg,/objects/small/col002_ocphoto_081_sm.jpg,/objects/thumbs/col002_ocphoto_081_th.jpg
/objects/col002_ocphoto_082.jpg,/objects/small/col002_ocphoto_082_sm.jpg,/objects/thumbs/col002_ocphoto_082_th.jpg
/objects/col002_ocphoto_083.jpg,/objects/small/col002_ocphoto_083_sm.jpg,/objects/thumbs/col002_ocphoto_083_th.jpg
/objects/col002_ocphoto_084.jpg,/objects/small/col002_ocphoto_084_sm.jpg,/objects/thumbs/col002_ocphoto_084_th.jpg
/objects/col002_ocphoto_085.jpg,/objects/small/col002_ocphoto_085_sm.jpg,/objects/thumbs/col002_ocphoto_085_th.jpg
/objects/col002_ocphoto_086.jpg,/objects/small/col002_ocphoto_086_sm.jpg,/objects/thumbs/col002_ocphoto_086_th.jpg
/objects/col002_ocphoto_087.jpg,/objects/small/col002_ocphoto_087_sm.jpg,/objects/thumbs/col002_ocphoto_087_th.jpg
/objects/col002_ocphoto_088.jpg,/objects/small/col002_ocphoto_088_sm.jpg,/objects/thumbs/col002_ocphoto_088_th.jpg
/objects/col002_ocphoto_089.jpg,/objects/small/col002_ocphoto_089_sm.jpg,/objects/thumbs/col002_ocphoto_089_th.jpg
/objects/col002_ocphoto_090.jpg,/objects/small/col002_ocphoto_090_sm.jpg,/objects/thumbs/col002_ocphoto_090_th.jpg
/objects/col002_ocphoto_091.jpg,/objects/small/col002_ocphoto_091_sm.jpg,/objects/thumbs/col002_ocphoto_091_th.jpg
/objects/col002_ocphoto_092.jpg,/objects/small/col002_ocphoto_092_sm.jpg,/objects/thumbs/col002_ocphoto_092_th.jpg
/objects/col002_ocphoto_093.jpg,/objects/small/col002_ocphoto_093_sm.jpg,/objects/thumbs/col002_ocphoto_093_th.jpg
/objects/col002_ocphoto_094.jpg,/objects/small/col002_ocphoto_094_sm.jpg,/objects/thumbs/col002_ocphoto_094_th.jpg
/objects/col002_ocphoto_095.jpg,/objects/small/col002_ocphoto_095_sm.jpg,/objects/thumbs/col002_ocphoto_095_th.jpg
/objects/col002_ocphoto_096.jpg,/objects/small/col002_ocphoto_096_sm.jpg,/objects/thumbs/col002_ocphoto_096_th.jpg
/objects/col002_ocpresidents_01.jpg,/objects/small/col002_ocpresidents_01_sm.jpg,/objects/thumbs/col002_ocpresidents_01_th.jpg
/objects/col002_ocpresidents_02.jpg,/objects/small/col002_ocpresidents_02_sm.jpg,/objects/thumbs/col002_ocpresidents_02_th.jpg
/objects/col002_ocpresidents_03.jpg,/objects/small/col002_ocpresidents_03_sm.jpg,/objects/thumbs/col002_ocpresidents_03_th.jpg
/objects/col002_ocpresidents_04.jpg,/objects/small/col002_ocpresidents_04_sm.jpg,/objects/thumbs/col002_ocpresidents_04_th.jpg
/objects/col002_ocpresidents_05.jpg,/objects/small/col002_ocpresidents_05_sm.jpg,/objects/thumbs/col002_ocpresidents_05_th.jpg
/objects/col002_ocpresidents_06.jpg,/objects/small/col002_ocpresidents_06_sm.jpg,/objects/thumbs/col002_ocpresidents_06_th.jpg
/objects/col002_ocpresidents_07.jpg,/objects/small/col002_ocpresidents_07_sm.jpg,/objects/thumbs/col002_ocpresidents_07_th.jpg
/objects/col002_ocpresidents_08.jpg,/objects/small/col002_ocpresidents_08_sm.jpg,/objects/thumbs/col002_ocpresidents_08_th.jpg
/objects/col002_ocpresidents_09.jpg,/objects/small/col002_ocpresidents_09_sm.jpg,/objects/thumbs/col002_ocpresidents_09_th.jpg
/objects/col002_ocpresidents_10.jpg,/objects/small/col002_ocpresidents_10_sm.jpg,/objects/thumbs/col002_ocpresidents_10_th.jpg
/objects/col002_ocpresidents_11.jpg,/objects/small/col002_ocpresidents_11_sm.jpg,/objects/thumbs/col002_ocpresidents_11_th.jpg
/objects/col002_ocpresidents_12.jpg,/objects/small/col002_ocpresidents_12_sm.jpg,/objects/thumbs/col002_ocpresidents_12_th.jpg
/objects/col002_ocpresidents_13.jpg,/objects/small/col002_ocpresidents_13_sm.jpg,/objects/thumbs/col002_ocpresidents_13_th.jpg
/objects/col002_ocpresidents_14.jpg,/objects/small/col002_ocpresidents_14_sm.jpg,/objects/thumbs/col002_ocpresidents_14_th.jpg
/objects/col002_ocpresidents_15.jpg,/objects/small/col002_ocpresidents_15_sm.jpg,/objects/thumbs/col002_ocpresidents_15_th.jpg
/objects/col002_ocpresidents_16.jpg,/objects/small/col002_ocpresidents_16_sm.jpg,/objects/thumbs/col002_ocpresidents_16_th.jpg
/objects/col002_ocpresidents_17.jpg,/objects/small/col002_ocpresidents_17_sm.jpg,/objects/thumbs/col002_ocpresidents_17_th.jpg
/objects/col002_ocpresidents_18.jpg,/objects/small/col002_ocpresidents_18_sm.jpg,/objects/thumbs/col002_ocpresidents_18_th.jpg
/objects/col002_ocpresidents_19.jpg,/objects/small/col002_ocpresidents_19_sm.jpg,/objects/thumbs/col002_ocpresidents_19_th.jpg
/objects/col002_ocpresidents_20.jpg,/objects/small/col002_ocpresidents_20_sm.jpg,/objects/thumbs/col002_ocpresidents_20_th.jpg
/objects/col002_ocpresidents_21.jpg,/objects/small/col002_ocpresidents_21_sm.jpg,/objects/thumbs/col002_ocpresidents_21_th.jpg
/objects/col002_ocpresidents_22.jpg,/objects/small/col002_ocpresidents_22_sm.jpg,/objects/thumbs/col002_ocpresidents_22_th.jpg
/objects/col002_ocpresidents_23.jpg,/objects/small/col002_ocpresidents_23_sm.jpg,/objects/thumbs/col002_ocpresidents_23_th.jpg
/objects/col002_ocpresidents_24.jpg,/objects/small/col002_ocpresidents_24_sm.jpg,/objects/thumbs/col002_ocpresidents_24_th.jpg
/objects/col002_ocpresidents_25.jpg,/objects/small/col002_ocpresidents_25_sm.jpg,/objects/thumbs/col002_ocpresidents_25_th.jpg
/objects/col002_ocpresidents_26.jpg,/objects/small/col002_ocpresidents_26_sm.jpg,/objects/thumbs/col002_ocpresidents_26_th.jpg
/objects/col002_ocpresidents_27.jpg,/objects/small/col002_ocpresidents_27_sm.jpg,/objects/thumbs/col002_ocpresidents_27_th.jpg
/objects/col002_ocpresidents_28.jpg,/objects/small/col002_ocpresidents_28_sm.jpg,/objects/thumbs/col002_ocpresidents_28_th.jpg
/objects/col002_ocpresidents_29.jpg,/objects/small/col002_ocpresidents_29_sm.jpg,/objects/thumbs/col002_ocpresidents_29_th.jpg
/objects/col002_ocpresidents_30.jpg,/objects/small/col002_ocpresidents_30_sm.jpg,/objects/thumbs/col002_ocpresidents_30_th.jpg
/objects/col002_ocpresidents_31.jpg,/objects/small/col002_ocpresidents_31_sm.jpg,/objects/thumbs/col002_ocpresidents_31_th.jpg
/objects/col002_ocpresidents_32.jpg,/objects/small/col002_ocpresidents_32_sm.jpg,/objects/thumbs/col002_ocpresidents_32_th.jpg
/objects/col002_ocpresidents_33.jpg,/objects/small/col002_ocpresidents_33_sm.jpg,/objects/thumbs/col002_ocpresidents_33_th.jpg
/objects/col002_ocpresidents_34.jpg,/objects/small/col002_ocpresidents_34_sm.jpg,/objects/thumbs/col002_ocpresidents_34_th.jpg
/objects/col002_ocpresidents_35.jpg,/objects/small/col002_ocpresidents_35_sm.jpg,/objects/thumbs/col002_ocpresidents_35_th.jpg
/objects/col002_ocpresidents_36.jpg,/objects/small/col002_ocpresidents_36_sm.jpg,/objects/thumbs/col002_ocpresidents_36_th.jpg
/objects/col002_ocpresidents_37.jpg,/objects/small/col002_ocpresidents_37_sm.jpg,/objects/thumbs/col002_ocpresidents_37_th.jpg
/objects/col002_ocpresidents_38.jpg,/objects/small/col002_ocpresidents_38_sm.jpg,/objects/thumbs/col002_ocpresidents_38_th.jpg
/objects/col002_ocpresidents_39.jpg,/objects/small/col002_ocpresidents_39_sm.jpg,/objects/thumbs/col002_ocpresidents_39_th.jpg
/objects/col002_ocpresidents_40.jpg,/objects/small/col002_ocpresidents_40_sm.jpg,/objects/thumbs/col002_ocpresidents_40_th.jpg
/objects/col002_ocpresidents_41.jpg,/objects/small/col002_ocpresidents_41_sm.jpg,/objects/thumbs/col002_ocpresidents_41_th.jpg
/objects/col002_ocpresidents_42.jpg,/objects/small/col002_ocpresidents_42_sm.jpg,/objects/thumbs/col002_ocpresidents_42_th.jpg
/objects/col002_ocpresidents_43.jpg,/objects/small/col002_ocpresidents_43_sm.jpg,/objects/thumbs/col002_ocpresidents_43_th.jpg
/objects/col002_ocpresidents_44.jpg,/objects/small/col002_ocpresidents_44_sm.jpg,/objects/thumbs/col002_ocpresidents_44_th.jpg
/objects/col002_ocpresidents_45.jpg,/objects/small/col002_ocpresidents_45_sm.jpg,/objects/thumbs/col002_ocpresidents_45_th.jpg
/objects/col002_ocpresidents_46.jpg,/objects/small/col002_ocpresidents_46_sm.jpg,/objects/thumbs/col002_ocpresidents_46_th.jpg
/objects/col002_ocpresidents_47.jpg,/objects/small/col002_ocpresidents_47_sm.jpg,/objects/thumbs/col002_ocpresidents_47_th.jpg
/objects/col002_ocpresidents_48.jpg,/objects/small/col002_ocpresidents_48_sm.jpg,/objects/thumbs/col002_ocpresidents_48_th.jpg
/objects/col002_ocpresidents_49.jpg,/objects/small/col002_ocpresidents_49_sm.jpg,/objects/thumbs/col002_ocpresidents_49_th.jpg
/objects/col002_ocpresidents_50.jpg,/objects/small/col002_ocpresidents_50_sm.jpg,/objects/thumbs/col002_ocpresidents_50_th.jpg
/objects/col002_ocpresidents_51.jpg,/objects/small/col002_ocpresidents_51_sm.jpg,/objects/thumbs/col002_ocpresidents_51_th.jpg
/objects/col002_ocscrapbook_1955-1961_part1.pdf,/objects/small/col002_ocscrapbook_1955-1961_part1_sm.jpg,/objects/thumbs/col002_ocscrapbook_1955-1961_part1_th.jpg
/objects/col002_ocscrapbook_1955-1961_part2.pdf,/objects/small/col002_ocscrapbook_1955-1961_part2_sm.jpg,/objects/thumbs/col002_ocscrapbook_1955-1961_part2_th.jpg
/objects/col002_ocscrapbook_1955-1961_part3.pdf,/objects/small/col002_ocscrapbook_1955-1961_part3_sm.jpg,/objects/thumbs/col002_ocscrapbook_1955-1961_part3_th.jpg
/objects/col002_ocscrapbook_1955-1961_part4.pdf,/objects/small/col002_ocscrapbook_1955-1961_part4_sm.jpg,/objects/thumbs/col002_ocscrapbook_1955-1961_part4_th.jpg
/objects/col002_ocscrapbook_1962-1963_part1.pdf,/objects/small/col002_ocscrapbook_1962-1963_part1_sm.jpg,/objects/thumbs/col002_ocscrapbook_1962-1963_part1_th.jpg
/objects/col002_ocscrapbook_1962-1963_part2.pdf,/objects/small/col002_ocscrapbook_1962-1963_part2_sm.jpg,/objects/thumbs/col002_ocscrapbook_1962-1963_part2_th.jpg
/objects/col002_ocscrapbook_1962-1963_part3.pdf,/objects/small/col002_ocscrapbook_1962-1963_part3_sm.jpg,/objects/thumbs/col002_ocscrapbook_1962-1963_part3_th.jpg
/objects/col002_ocscrapbook_1964-1965_part1.pdf,/objects/small/col002_ocscrapbook_1964-1965_part1_sm.jpg,/objects/thumbs/col002_ocscrapbook_1964-1965_part1_th.jpg
/objects/col002_ocscrapbook_1964-1965_part2.pdf,/objects/small/col002_ocscrapbook_1964-1965_part2_sm.jpg,/objects/thumbs/col002_ocscrapbook_1964-1965_part2_th.jpg
/objects/col002_ocscrapbook_1964-1965_part3.pdf,/objects/small/col002_ocscrapbook_1964-1965_part3_sm.jpg,/objects/thumbs/col002_ocscrapbook_1964-1965_part3_th.jpg
/objects/col002_ocscrapbook_1965-1966_part1.pdf,/objects/small/col002_ocscrapbook_1965-1966_part1_sm.jpg,/objects/thumbs/col002_ocscrapbook_1965-1966_part1_th.jpg
/objects/col002_ocscrapbook_1965-1966_part2.pdf,/objects/small/col002_ocscrapbook_1965-1966_part2_sm.jpg,/objects/thumbs/col002_ocscrapbook_1965-1966_part2_th.jpg
/objects/col002_ocscrapbook_1965-1966_part3.pdf,/objects/small/col002_ocscrapbook_1965-1966_part3_sm.jpg,/objects/thumbs/col002_ocscrapbook_1965-1966_part3_th.jpg
/objects/col002_ocscrapbook_1970-1972_part1.pdf,/objects/small/col002_ocscrapbook_1970-1972_part1_sm.jpg,/objects/thumbs/col002_ocscrapbook_1970-1972_part1_th.jpg
/objects/col002_ocscrapbook_1970-1972_part2.pdf,/objects/small/col002_ocscrapbook_1970-1972_part2_sm.jpg,/objects/thumbs/col002_ocscrapbook_1970-1972_part2_th.jpg
/objects/col002_ocscrapbook_1970-1972_part3.pdf,/objects/small/col002_ocscrapbook_1970-1972_part3_sm.jpg,/objects/thumbs/col002_ocscrapbook_1970-1972_part3_th.jpg
/objects/col002_ocscrapbook_1972-1973_part1.pdf,/objects/small/col002_ocscrapbook_1972-1973_part1_sm.jpg,/objects/thumbs/col002_ocscrapbook_1972-1973_part1_th.jpg
/objects/col002_ocscrapbook_1972-1973_part2.pdf,/objects/small/col002_ocscrapbook_1972-1973_part2_sm.jpg,/objects/thumbs/col002_ocscrapbook_1972-1973_part2_th.jpg
/objects/col002_ocscrapbook_1972-1973_part3.pdf,/objects/small/col002_ocscrapbook_1972-1973_part3_sm.jpg,/objects/thumbs/col002_ocscrapbook_1972-1973_part3_th.jpg
/objects/col002_ocscrapbook_1973-1974_part1.pdf,/objects/small/col002_ocscrapbook_1973-1974_part1_sm.jpg,/objects/thumbs/col002_ocscrapbook_1973-1974_part1_th.jpg
/objects/col002_ocscrapbook_1973-1974_part2.pdf,/objects/small/col002_ocscrapbook_1973-1974_part2_sm.jpg,/objects/thumbs/col002_ocscrapbook_1973-1974_part2_th.jpg
/objects/col002_ocscrapbook_1973-1974_part3.pdf,/objects/small/col002_ocscrapbook_1973-1974_part3_sm.jpg,/objects/thumbs/col002_ocscrapbook_1973-1974_part3_th.jpg
/objects/col002_ocscrapbook_1974-1975_part1.pdf,/objects/small/col002_ocscrapbook_1974-1975_part1_sm.jpg,/objects/thumbs/col002_ocscrapbook_1974-1975_part1_th.jpg
/objects/col002_ocscrapbook_1974-1975_part2.pdf,/objects/small/col002_ocscrapbook_1974-1975_part2_sm.jpg,/objects/thumbs/col002_ocscrapbook_1974-1975_part2_th.jpg
/objects/col002_ocscrapbook_1974-1975_part3.pdf,/objects/small/col002_ocscrapbook_1974-1975_part3_sm.jpg,/objects/thumbs/col002_ocscrapbook_1974-1975_part3_th.jpg
/objects/col002_ocscrapbook_1975-1976_part1.pdf,/objects/small/col002_ocscrapbook_1975-1976_part1_sm.jpg,/objects/thumbs/col002_ocscrapbook_1975-1976_part1_th.jpg
/objects/col002_ocscrapbook_1975-1976_part2.pdf,/objects/small/col002_ocscrapbook_1975-1976_part2_sm.jpg,/objects/thumbs/col002_ocscrapbook_1975-1976_part2_th.jpg
/objects/col002_ocscrapbook_1975-1976_part3.pdf,/objects/small/col002_ocscrapbook_1975-1976_part3_sm.jpg,/objects/thumbs/col002_ocscrapbook_1975-1976_part3_th.jpg
/objects/col002_ocscrapbook_1976-1979_part1.pdf,/objects/small/col002_ocscrapbook_1976-1979_part1_sm.jpg,/objects/thumbs/col002_ocscrapbook_1976-1979_part1_th.jpg
/objects/col002_ocscrapbook_1976-1979_part2.pdf,/objects/small/col002_ocscrapbook_1976-1979_part2_sm.jpg,/objects/thumbs/col002_ocscrapbook_1976-1979_part2_th.jpg
/objects/col002_ocscrapbook_1976-1979_part3.pdf,/objects/small/col002_ocscrapbook_1976-1979_part3_sm.jpg,/objects/thumbs/col002_ocscrapbook_1976-1979_part3_th.jpg
/objects/col002_ocscrapbook_1980-1993_part1.pdf,/objects/small/col002_ocscrapbook_1980-1993_part1_sm.jpg,/objects/thumbs/col002_ocscrapbook_1980-1993_part1_th.jpg
/objects/col002_ocscrapbook_1980-1993_part2.pdf,/objects/small/col002_ocscrapbook_1980-1993_part2_sm.jpg,/objects/thumbs/col002_ocscrapbook_1980-1993_part2_th.jpg
/objects/col002_ocscrapbook_1980-1993_part3.pdf,/objects/small/col002_ocscrapbook_1980-1993_part3_sm.jpg,/objects/thumbs/col002_ocscrapbook_1980-1993_part3_th.jpg
/objects/col002_ocscrapbook_1980-1993_part4.pdf,/objects/small/col002_ocscrapbook_1980-1993_part4_sm.jpg,/objects/thumbs/col002_ocscrapbook_1980-1993_part4_th.jpg
/objects/col002_ocscrapbook_1980-1993_part5.pdf,/objects/small/col002_ocscrapbook_1980-1993_part5_sm.jpg,/objects/thumbs/col002_ocscrapbook_1980-1993_part5_th.jpg
/objects/col002_ocyearbook_1926-1927.pdf,/objects/small/col002_ocyearbook_1926-1927_sm.jpg,/objects/thumbs/col002_ocyearbook_1926-1927_th.jpg
/objects/col002_ocyearbook_1927-1928.pdf,/objects/small/col002_ocyearbook_1927-1928_sm.jpg,/objects/thumbs/col002_ocyearbook_1927-1928_th.jpg
/objects/col002_ocyearbook_1928-1929.pdf,/objects/small/col002_ocyearbook_1928-1929_sm.jpg,/objects/thumbs/col002_ocyearbook_1928-1929_th.jpg
/objects/col002_ocyearbook_1929-1930.pdf,/objects/small/col002_ocyearbook_1929-1930_sm.jpg,/objects/thumbs/col002_ocyearbook_1929-1930_th.jpg
/objects/col002_ocyearbook_1930-1931.pdf,/objects/small/col002_ocyearbook_1930-1931_sm.jpg,/objects/thumbs/col002_ocyearbook_1930-1931_th.jpg
/objects/col002_ocyearbook_1932-1933.pdf,/objects/small/col002_ocyearbook_1932-1933_sm.jpg,/objects/thumbs/col002_ocyearbook_1932-1933_th.jpg
/objects/col002_ocyearbook_1933-1934.pdf,/objects/small/col002_ocyearbook_1933-1934_sm.jpg,/objects/thumbs/col002_ocyearbook_1933-1934_th.jpg
/objects/col002_ocyearbook_1934-1935.pdf,/objects/small/col002_ocyearbook_1934-1935_sm.jpg,/objects/thumbs/col002_ocyearbook_1934-1935_th.jpg
/objects/col002_ocyearbook_1935-1936.pdf,/objects/small/col002_ocyearbook_1935-1936_sm.jpg,/objects/thumbs/col002_ocyearbook_1935-1936_th.jpg
/objects/col002_ocyearbook_1936-1937.pdf,/objects/small/col002_ocyearbook_1936-1937_sm.jpg,/objects/thumbs/col002_ocyearbook_1936-1937_th.jpg
/objects/col002_ocyearbook_1937-1938.pdf,/objects/small/col002_ocyearbook_1937-1938_sm.jpg,/objects/thumbs/col002_ocyearbook_1937-1938_th.jpg
/objects/col002_ocyearbook_1938-1939.pdf,/objects/small/col002_ocyearbook_1938-1939_sm.jpg,/objects/thumbs/col002_ocyearbook_1938-1939_th.jpg
/objects/col002_ocyearbook_1939-1940.pdf,/objects/small/col002_ocyearbook_1939-1940_sm.jpg,/objects/thumbs/col002_ocyearbook_1939-1940_th.jpg
/objects/col002_ocyearbook_1940-1941.pdf,/objects/small/col002_ocyearbook_1940-1941_sm.jpg,/objects/thumbs/col002_ocyearbook_1940-1941_th.jpg
/objects/col002_ocyearbook_1941-1942.pdf,/objects/small/col002_ocyearbook_1941-1942_sm.jpg,/objects/thumbs/col002_ocyearbook_1941-1942_th.jpg
/objects/col002_ocyearbook_1942-1943.pdf,/objects/small/col002_ocyearbook_1942-1943_sm.jpg,/objects/thumbs/col002_ocyearbook_1942-1943_th.jpg
/objects/col002_ocyearbook_1943-1944.pdf,/objects/small/col002_ocyearbook_1943-1944_sm.jpg,/objects/thumbs/col002_ocyearbook_1943-1944_th.jpg
/objects/col002_ocyearbook_1944-1945.pdf,/objects/small/col002_ocyearbook_1944-1945_sm.jpg,/objects/thumbs/col002_ocyearbook_1944-1945_th.jpg
/objects/col002_ocyearbook_1945-1946.pdf,/objects/small/col002_ocyearbook_1945-1946_sm.jpg,/objects/thumbs/col002_ocyearbook_1945-1946_th.jpg
/objects/col002_ocyearbook_1946-1947.pdf,/objects/small/col002_ocyearbook_1946-1947_sm.jpg,/objects/thumbs/col002_ocyearbook_1946-1947_th.jpg
/objects/col002_ocyearbook_1947-1948.pdf,/objects/small/col002_ocyearbook_1947-1948_sm.jpg,/objects/thumbs/col002_ocyearbook_1947-1948_th.jpg
/objects/col002_ocyearbook_1948-1949.pdf,/objects/small/col002_ocyearbook_1948-1949_sm.jpg,/objects/thumbs/col002_ocyearbook_1948-1949_th.jpg
/objects/col002_ocyearbook_1949-1950.pdf,/objects/small/col002_ocyearbook_1949-1950_sm.jpg,/objects/thumbs/col002_ocyearbook_1949-1950_th.jpg
/objects/col002_ocyearbook_1950-1951.pdf,/objects/small/col002_ocyearbook_1950-1951_sm.jpg,/objects/thumbs/col002_ocyearbook_1950-1951_th.jpg
/objects/col002_ocyearbook_1951-1952.pdf,/objects/small/col002_ocyearbook_1951-1952_sm.jpg,/objects/thumbs/col002_ocyearbook_1951-1952_th.jpg
/objects/col002_ocyearbook_1952-1953.pdf,/objects/small/col002_ocyearbook_1952-1953_sm.jpg,/objects/thumbs/col002_ocyearbook_1952-1953_th.jpg
/objects/col002_ocyearbook_1953-1954.pdf,/objects/small/col002_ocyearbook_1953-1954_sm.jpg,/objects/thumbs/col002_ocyearbook_1953-1954_th.jpg
/objects/col002_ocyearbook_1954-1955.pdf,/objects/small/col002_ocyearbook_1954-1955_sm.jpg,/objects/thumbs/col002_ocyearbook_1954-1955_th.jpg
/objects/col002_ocyearbook_1955-1956.pdf,/objects/small/col002_ocyearbook_1955-1956_sm.jpg,/objects/thumbs/col002_ocyearbook_1955-1956_th.jpg
/objects/col002_ocyearbook_1956-1957.pdf,/objects/small/col002_ocyearbook_1956-1957_sm.jpg,/objects/thumbs/col002_ocyearbook_1956-1957_th.jpg
/objects/col002_ocyearbook_1957-1958.pdf,/objects/small/col002_ocyearbook_1957-1958_sm.jpg,/objects/thumbs/col002_ocyearbook_1957-1958_th.jpg
/objects/col002_ocyearbook_1958-1959.pdf,/objects/small/col002_ocyearbook_1958-1959_sm.jpg,/objects/thumbs/col002_ocyearbook_1958-1959_th.jpg
/objects/col002_ocyearbook_1959-1960.pdf,/objects/small/col002_ocyearbook_1959-1960_sm.jpg,/objects/thumbs/col002_ocyearbook_1959-1960_th.jpg
/objects/col002_ocyearbook_1960-1961.pdf,/objects/small/col002_ocyearbook_1960-1961_sm.jpg,/objects/thumbs/col002_ocyearbook_1960-1961_th.jpg
/objects/col002_ocyearbook_1961-1962.pdf,/objects/small/col002_ocyearbook_1961-1962_sm.jpg,/objects/thumbs/col002_ocyearbook_1961-1962_th.jpg
/objects/col002_ocyearbook_1963-1964.pdf,/objects/small/col002_ocyearbook_1963-1964_sm.jpg,/objects/thumbs/col002_ocyearbook_1963-1964_th.jpg
/objects/col002_ocyearbook_1964-1965.pdf,/objects/small/col002_ocyearbook_1964-1965_sm.jpg,/objects/thumbs/col002_ocyearbook_1964-1965_th.jpg
/objects/col002_ocyearbook_1965-1966.pdf,/objects/small/col002_ocyearbook_1965-1966_sm.jpg,/objects/thumbs/col002_ocyearbook_1965-1966_th.jpg
/objects/col002_ocyearbook_1966-1967.pdf,/objects/small/col002_ocyearbook_1966-1967_sm.jpg,/objects/thumbs/col002_ocyearbook_1966-1967_th.jpg
/objects/col002_ocyearbook_1967-1968.pdf,/objects/small/col002_ocyearbook_1967-1968_sm.jpg,/objects/thumbs/col002_ocyearbook_1967-1968_th.jpg
/objects/col002_ocyearbook_1968-1969.pdf,/objects/small/col002_ocyearbook_1968-1969_sm.jpg,/objects/thumbs/col002_ocyearbook_1968-1969_th.jpg
/objects/col002_ocyearbook_1970-1971.pdf,/objects/small/col002_ocyearbook_1970-1971_sm.jpg,/objects/thumbs/col002_ocyearbook_1970-1971_th.jpg
/objects/col002_ocyearbook_1971-1972.pdf,/objects/small/col002_ocyearbook_1971-1972_sm.jpg,/objects/thumbs/col002_ocyearbook_1971-1972_th.jpg
/objects/col002_ocyearbook_1972-1973.pdf,/objects/small/col002_ocyearbook_1972-1973_sm.jpg,/objects/thumbs/col002_ocyearbook_1972-1973_th.jpg
/objects/col002_ocyearbook_1973-1974.pdf,/objects/small/col002_ocyearbook_1973-1974_sm.jpg,/objects/thumbs/col002_ocyearbook_1973-1974_th.jpg
/objects/col002_ocyearbook_1974-1975.pdf,/objects/small/col002_ocyearbook_1974-1975_sm.jpg,/objects/thumbs/col002_ocyearbook_1974-1975_th.jpg
/objects/col002_ocyearbook_1976-1977.pdf,/objects/small/col002_ocyearbook_1976-1977_sm.jpg,/objects/thumbs/col002_ocyearbook_1976-1977_th.jpg
/objects/col002_ocyearbook_1977-1978.pdf,/objects/small/col002_ocyearbook_1977-1978_sm.jpg,/objects/thumbs/col002_ocyearbook_1977-1978_th.jpg
/objects/col002_ocyearbook_1978-1979.pdf,/objects/small/col002_ocyearbook_1978-1979_sm.jpg,/objects/thumbs/col002_ocyearbook_1978-1979_th.jpg
/objects/col002_ocyearbook_1979-1980.pdf,/objects/small/col002_ocyearbook_1979-1980_sm.jpg,/objects/thumbs/col002_ocyearbook_1979-1980_th.jpg
/objects/col002_ocyearbook_1980-1981.pdf,/objects/small/col002_ocyearbook_1980-1981_sm.jpg,/objects/thumbs/col002_ocyearbook_1980-1981_th.jpg
/objects/col002_ocyearbook_1981-1982.pdf,/objects/small/col002_ocyearbook_1981-1982_sm.jpg,/objects/thumbs/col002_ocyearbook_1981-1982_th.jpg
/objects/col002_ocyearbook_1982-1983.pdf,/objects/small/col002_ocyearbook_1982-1983_sm.jpg,/objects/thumbs/col002_ocyearbook_1982-1983_th.jpg
/objects/col002_ocyearbook_1984-1985.pdf,/objects/small/col002_ocyearbook_1984-1985_sm.jpg,/objects/thumbs/col002_ocyearbook_1984-1985_th.jpg
/objects/col002_ocyearbook_1985-1986.pdf,/objects/small/col002_ocyearbook_1985-1986_sm.jpg,/objects/thumbs/col002_ocyearbook_1985-1986_th.jpg
/objects/col002_ocyearbook_1988-1989.pdf,/objects/small/col002_ocyearbook_1988-1989_sm.jpg,/objects/thumbs/col002_ocyearbook_1988-1989_th.jpg
/objects/col002_ocyearbook_1989-1990.pdf,/objects/small/col002_ocyearbook_1989-1990_sm.jpg,/objects/thumbs/col002_ocyearbook_1989-1990_th.jpg
/objects/col002_ocyearbook_1990-1991.pdf,/objects/small/col002_ocyearbook_1990-1991_sm.jpg,/objects/thumbs/col002_ocyearbook_1990-1991_th.jpg
/objects/col002_ocyearbook_1991-1992.pdf,/objects/small/col002_ocyearbook_1991-1992_sm.jpg,/objects/thumbs/col002_ocyearbook_1991-1992_th.jpg
/objects/col002_ocyearbook_1992-1993.pdf,/objects/small/col002_ocyearbook_1992-1993_sm.jpg,/objects/thumbs/col002_ocyearbook_1992-1993_th.jpg
/objects/col002_ocyearbook_1993-1994.pdf,/objects/small/col002_ocyearbook_1993-1994_sm.jpg,/objects/thumbs/col002_ocyearbook_1993-1994_th.jpg
/objects/demo_001.jpg,/objects/small/demo_001_sm.jpg,/objects/thumbs/demo_001_th.jpg
/objects/demo_002.pdf,/objects/small/demo_002_sm.jpg,/objects/thumbs/demo_002_th.jpg
/objects/demo_003.mp3,,
/objects/demo_004.jpg,/objects/small/demo_004_sm.jpg,/objects/thumbs/demo_004_th.jpg
